position,count,measure
0,2,0
0.166667,2,0
0.333333,4,0
0.5,2,0
0.666667,2,0
0.75,1,0
0.833333,1,0
1,3,1
1.0625,1,1
1.125,1,1
1.16667,1,1
1.1875,1,1
1.25,2,1
1.3125,1,1
1.33333,2,1
1.375,1,1
1.4375,1,1
1.5,2,1
1.66667,1,1
1.75,1,1
1.83333,2,1
2,2,2
2.16667,1,2
2.33333,2,2
2.5,1,2
2.66667,1,2
2.75,1,2
2.83333,2,2
3,3,3
3.0625,1,3
3.125,1,3
3.16667,1,3
3.1875,1,3
3.25,2,3
3.3125,1,3
3.33333,2,3
3.375,1,3
3.4375,1,3
3.5,2,3
3.66667,1,3
3.75,1,3
3.83333,2,3