position,count
0,2
0.166667,2
0.333333,4
0.5,2
0.666667,2
0.75,1
0.833333,1
1,3
1.0625,1
1.125,1
1.16667,1
1.1875,1
1.25,2
1.3125,1
1.33333,2
1.375,1
1.4375,1
1.5,2
1.66667,1
1.75,1
1.83333,2
0,2
0.166667,1
0.333333,2
0.5,1
0.666667,1
0.75,1
0.833333,2
0,3
0.0625,1
0.125,1
0.166667,1
0.1875,1
0.25,2
0.3125,1
0.333333,2
0.375,1
0.4375,1
0.5,2
0.666667,1
0.75,1
0.833333,2
